<ImportExportXml xmlns:xsi="http://www.w3.org/2001/XMLSchema-instance">
  <Entities></Entities>
  <Roles></Roles>
  <Workflows></Workflows>
  <FieldSecurityProfiles></FieldSecurityProfiles>
  <Templates />
  <EntityMaps />
  <EntityRelationships />
  <OrganizationSettings />
  <optionsets />
  <SolutionPluginAssemblies>
    <PluginAssembly FullName="Crm2011DistributeWF, Version=1.2.0.1, Culture=neutral, PublicKeyToken=4a902766b5361155" CustomizationLevel="1">
      <IsolationMode>1</IsolationMode>
      <SourceType>0</SourceType>
      <FileName>/PluginAssemblies/Crm2011DistributeWF-0DB8FCC5-3833-498C-B5BD-2FEF33BF35E6/Crm2011DistributeWF.dll</FileName>
      <PluginTypes>
        <PluginType AssemblyQualifiedName="Gemina.CRM2011.WF.CrmDistributeWF.DistributeWFActivityManytoMany, Crm2011DistributeWF, Version=1.2.0.1, Culture=neutral, PublicKeyToken=4a902766b5361155" Name="Distribute Many to Many">
          <FriendlyName>dc394226-59d6-4dbd-8d9e-4ca14163431f</FriendlyName>
          <WorkflowActivityGroupName>DWF AG Utilities</WorkflowActivityGroupName>
        </PluginType>
        <PluginType AssemblyQualifiedName="Gemina.CRM2011.WF.CrmDistributeWF.DistributeWFActivityOnetoMany, Crm2011DistributeWF, Version=1.2.0.1, Culture=neutral, PublicKeyToken=4a902766b5361155" Name="Distribute One to Many">
          <FriendlyName>c03ead03-f22e-4310-b984-71ee2031ef84</FriendlyName>
          <WorkflowActivityGroupName>DWF AG Utilities</WorkflowActivityGroupName>
        </PluginType>
      </PluginTypes>
    </PluginAssembly>
  </SolutionPluginAssemblies>
  <Languages>
    <Language>1033</Language>
  </Languages>
</ImportExportXml>